json,filename,region_id,reason
lpl/test/lpl_test.json,Pintura_0.10.jpg,54,too_few_points
lpl/test/lpl_test.json,Pintura_0.10.jpg,122,too_few_points
lpl/test/lpl_test.json,Pintura_0.16.jpg,2,too_few_points
lpl/test/lpl_test.json,Pintura_0.16.jpg,6,too_few_points
lpl/test/lpl_test.json,Pintura_0.16.jpg,22,too_few_points
lpl/test/lpl_test.json,Pintura_0.16.jpg,32,too_few_points
lpl/train/lpl_train.json,Pintura_0.3.jpg,2,too_few_points
lpl/train/lpl_train.json,Pintura_0.3.jpg,49,too_few_points
lpl/train/lpl_train.json,Pintura_0.3.jpg,51,too_few_points
lpl/train/lpl_train.json,Pintura_0.19.jpg,23,too_few_points
stucco/test/stucco_test.json,Pintura_0.1.jpg,47,too_few_points
stucco/test/stucco_test.json,Pintura_0.1.jpg,48,too_few_points
stucco/test/stucco_test.json,Pintura_0.11.jpg,12,too_few_points
stucco/test/stucco_test.json,Pintura_0.11.jpg,128,too_few_points
stucco/test/stucco_test.json,Pintura_0.11.jpg,178,too_few_points
stucco/test/stucco_test.json,Pintura_0.11.jpg,241,too_few_points
stucco/test/stucco_test.json,Pintura_0.11.jpg,324,too_few_points
stucco/test/stucco_test.json,Pintura_0.11.jpg,328,too_few_points
stucco/test/stucco_test.json,Pintura_0.11.jpg,329,too_few_points
stucco/test/stucco_test.json,Pintura_0.11.jpg,332,too_few_points
stucco/test/stucco_test.json,Pintura_0.11.jpg,339,too_few_points
stucco/test/stucco_test.json,Pintura_0.11.jpg,340,too_few_points
stucco/test/stucco_test.json,Pintura_0.11.jpg,414,too_few_points
stucco/test/stucco_test.json,Pintura_0.11.jpg,428,too_few_points
stucco/test/stucco_test.json,Pintura_0.11.jpg,448,too_few_points
stucco/test/stucco_test.json,Pintura_0.11.jpg,501,too_few_points
stucco/test/stucco_test.json,Pintura_0.11.jpg,558,too_few_points
stucco/test/stucco_test.json,Pintura_0.20.jpg,40,too_few_points
stucco/test/stucco_test.json,Pintura_0.20.jpg,41,too_few_points
stucco/train/stucco_train.json,Pintura_0.2.jpg,2,too_few_points
stucco/train/stucco_train.json,Pintura_0.2.jpg,4,too_few_points
stucco/train/stucco_train.json,Pintura_0.2.jpg,5,too_few_points
stucco/train/stucco_train.json,Pintura_0.2.jpg,27,too_few_points
stucco/train/stucco_train.json,Pintura_0.2.jpg,28,too_few_points
stucco/train/stucco_train.json,Pintura_0.2.jpg,34,too_few_points
stucco/train/stucco_train.json,Pintura_0.2.jpg,35,too_few_points
stucco/train/stucco_train.json,Pintura_0.2.jpg,36,too_few_points
stucco/train/stucco_train.json,Pintura_0.2.jpg,37,too_few_points
stucco/train/stucco_train.json,Pintura_0.2.jpg,43,too_few_points
stucco/train/stucco_train.json,Pintura_0.2.jpg,44,too_few_points
stucco/train/stucco_train.json,Pintura_0.2.jpg,71,too_few_points
stucco/train/stucco_train.json,Pintura_0.2.jpg,85,too_few_points
stucco/train/stucco_train.json,Pintura_0.2.jpg,86,too_few_points
stucco/train/stucco_train.json,Pintura_0.2.jpg,87,too_few_points
stucco/train/stucco_train.json,Pintura_0.2.jpg,88,too_few_points
stucco/train/stucco_train.json,Pintura_0.2.jpg,89,too_few_points
stucco/train/stucco_train.json,Pintura_0.2.jpg,90,too_few_points
stucco/train/stucco_train.json,Pintura_0.2.jpg,91,too_few_points
stucco/train/stucco_train.json,Pintura_0.2.jpg,92,too_few_points
stucco/train/stucco_train.json,Pintura_0.2.jpg,93,too_few_points
stucco/train/stucco_train.json,Pintura_0.2.jpg,94,too_few_points
stucco/train/stucco_train.json,Pintura_0.2.jpg,95,too_few_points
stucco/train/stucco_train.json,Pintura_0.2.jpg,96,too_few_points
stucco/train/stucco_train.json,Pintura_0.2.jpg,97,too_few_points
stucco/train/stucco_train.json,Pintura_0.2.jpg,98,too_few_points
stucco/train/stucco_train.json,Pintura_0.2.jpg,99,too_few_points
stucco/train/stucco_train.json,Pintura_0.2.jpg,100,too_few_points
stucco/train/stucco_train.json,Pintura_0.2.jpg,101,too_few_points
stucco/train/stucco_train.json,Pintura_0.2.jpg,102,too_few_points
stucco/train/stucco_train.json,Pintura_0.2.jpg,103,too_few_points
stucco/train/stucco_train.json,Pintura_0.2.jpg,104,too_few_points
stucco/train/stucco_train.json,Pintura_0.2.jpg,105,too_few_points
stucco/train/stucco_train.json,Pintura_0.2.jpg,108,too_few_points
stucco/train/stucco_train.json,Pintura_0.2.jpg,145,too_few_points
stucco/train/stucco_train.json,Pintura_0.2.jpg,146,too_few_points
stucco/train/stucco_train.json,Pintura_0.2.jpg,147,too_few_points
stucco/train/stucco_train.json,Pintura_0.2.jpg,148,too_few_points
stucco/train/stucco_train.json,Pintura_0.2.jpg,149,too_few_points
stucco/train/stucco_train.json,Pintura_0.2.jpg,153,too_few_points
stucco/train/stucco_train.json,Pintura_0.2.jpg,154,too_few_points
stucco/train/stucco_train.json,Pintura_0.2.jpg,155,too_few_points
stucco/train/stucco_train.json,Pintura_0.2.jpg,156,too_few_points
stucco/train/stucco_train.json,Pintura_0.2.jpg,157,too_few_points
stucco/train/stucco_train.json,Pintura_0.4.jpg,8,too_few_points
stucco/train/stucco_train.json,Pintura_0.4.jpg,14,too_few_points
stucco/train/stucco_train.json,Pintura_0.4.jpg,20,too_few_points
stucco/train/stucco_train.json,Pintura_0.4.jpg,23,too_few_points
stucco/train/stucco_train.json,Pintura_0.4.jpg,64,too_few_points
stucco/train/stucco_train.json,Pintura_0.4.jpg,87,too_few_points
stucco/train/stucco_train.json,Pintura_0.4.jpg,95,too_few_points
stucco/train/stucco_train.json,Pintura_0.4.jpg,96,too_few_points
stucco/train/stucco_train.json,Pintura_0.4.jpg,97,too_few_points
stucco/train/stucco_train.json,Pintura_0.4.jpg,102,too_few_points
stucco/train/stucco_train.json,Pintura_0.5.jpg,31,too_few_points
stucco/train/stucco_train.json,Pintura_0.9.jpg,3,too_few_points
stucco/train/stucco_train.json,Pintura_0.9.jpg,4,too_few_points
stucco/train/stucco_train.json,Pintura_0.9.jpg,5,too_few_points
stucco/train/stucco_train.json,Pintura_0.9.jpg,6,too_few_points
stucco/train/stucco_train.json,Pintura_0.9.jpg,7,too_few_points
stucco/train/stucco_train.json,Pintura_0.9.jpg,8,too_few_points
stucco/train/stucco_train.json,Pintura_0.9.jpg,9,too_few_points
stucco/train/stucco_train.json,Pintura_0.9.jpg,10,too_few_points
stucco/train/stucco_train.json,Pintura_0.9.jpg,74,too_few_points
stucco/train/stucco_train.json,Pintura_0.9.jpg,92,too_few_points
stucco/train/stucco_train.json,Pintura_0.9.jpg,100,too_few_points
stucco/train/stucco_train.json,Pintura_0.9.jpg,151,too_few_points
stucco/train/stucco_train.json,Pintura_0.9.jpg,163,too_few_points
stucco/train/stucco_train.json,Pintura_0.9.jpg,177,too_few_points
stucco/train/stucco_train.json,Pintura_0.9.jpg,178,too_few_points
stucco/train/stucco_train.json,Pintura_0.9.jpg,179,too_few_points
stucco/train/stucco_train.json,Pintura_0.9.jpg,180,too_few_points
stucco/train/stucco_train.json,Pintura_0.9.jpg,181,too_few_points
stucco/train/stucco_train.json,Pintura_0.9.jpg,182,too_few_points
stucco/train/stucco_train.json,Pintura_0.9.jpg,183,too_few_points
stucco/train/stucco_train.json,Pintura_0.9.jpg,184,too_few_points
stucco/train/stucco_train.json,Pintura_0.9.jpg,185,too_few_points
stucco/train/stucco_train.json,Pintura_0.9.jpg,186,too_few_points
stucco/train/stucco_train.json,Pintura_0.9.jpg,187,too_few_points
stucco/train/stucco_train.json,Pintura_0.9.jpg,188,too_few_points
stucco/train/stucco_train.json,Pintura_0.9.jpg,189,too_few_points
stucco/train/stucco_train.json,Pintura_0.9.jpg,190,too_few_points
stucco/train/stucco_train.json,Pintura_0.9.jpg,191,too_few_points
stucco/train/stucco_train.json,Pintura_0.9.jpg,192,too_few_points
stucco/train/stucco_train.json,Pintura_0.9.jpg,193,too_few_points
stucco/train/stucco_train.json,Pintura_0.9.jpg,194,too_few_points
stucco/train/stucco_train.json,Pintura_0.9.jpg,195,too_few_points
stucco/train/stucco_train.json,Pintura_0.9.jpg,196,too_few_points
stucco/train/stucco_train.json,Pintura_0.9.jpg,197,too_few_points
stucco/train/stucco_train.json,Pintura_0.9.jpg,198,too_few_points
stucco/train/stucco_train.json,Pintura_0.9.jpg,199,too_few_points
stucco/train/stucco_train.json,Pintura_0.9.jpg,200,too_few_points
stucco/train/stucco_train.json,Pintura_0.9.jpg,201,too_few_points
stucco/train/stucco_train.json,Pintura_0.9.jpg,202,too_few_points
stucco/train/stucco_train.json,Pintura_0.9.jpg,203,too_few_points
stucco/train/stucco_train.json,Pintura_0.9.jpg,204,too_few_points
stucco/train/stucco_train.json,Pintura_0.9.jpg,205,too_few_points
stucco/train/stucco_train.json,Pintura_0.9.jpg,206,too_few_points
stucco/train/stucco_train.json,Pintura_0.9.jpg,207,too_few_points
stucco/train/stucco_train.json,Pintura_0.9.jpg,208,too_few_points
stucco/train/stucco_train.json,Pintura_0.9.jpg,209,too_few_points
stucco/train/stucco_train.json,Pintura_0.9.jpg,210,too_few_points
stucco/train/stucco_train.json,Pintura_0.9.jpg,211,too_few_points
stucco/train/stucco_train.json,Pintura_0.9.jpg,212,too_few_points
stucco/train/stucco_train.json,Pintura_0.9.jpg,213,too_few_points
stucco/train/stucco_train.json,Pintura_0.9.jpg,214,too_few_points
stucco/train/stucco_train.json,Pintura_0.9.jpg,223,too_few_points
stucco/train/stucco_train.json,Pintura_0.9.jpg,224,too_few_points
stucco/train/stucco_train.json,Pintura_0.9.jpg,225,too_few_points
stucco/train/stucco_train.json,Pintura_0.9.jpg,226,too_few_points
stucco/train/stucco_train.json,Pintura_0.9.jpg,227,too_few_points
stucco/train/stucco_train.json,Pintura_0.9.jpg,228,too_few_points
stucco/train/stucco_train.json,Pintura_0.9.jpg,229,too_few_points
stucco/train/stucco_train.json,Pintura_0.9.jpg,230,too_few_points
stucco/train/stucco_train.json,Pintura_0.9.jpg,231,too_few_points
stucco/train/stucco_train.json,Pintura_0.9.jpg,232,too_few_points
stucco/train/stucco_train.json,Pintura_0.9.jpg,233,too_few_points
stucco/train/stucco_train.json,Pintura_0.9.jpg,234,too_few_points
stucco/train/stucco_train.json,Pintura_0.9.jpg,235,too_few_points
stucco/train/stucco_train.json,Pintura_0.9.jpg,236,too_few_points
stucco/train/stucco_train.json,Pintura_0.9.jpg,237,too_few_points
stucco/train/stucco_train.json,Pintura_0.9.jpg,238,too_few_points
stucco/train/stucco_train.json,Pintura_0.9.jpg,239,too_few_points
stucco/train/stucco_train.json,Pintura_0.9.jpg,240,too_few_points
stucco/train/stucco_train.json,Pintura_0.9.jpg,241,too_few_points
stucco/train/stucco_train.json,Pintura_0.9.jpg,242,too_few_points
stucco/train/stucco_train.json,Pintura_0.9.jpg,243,too_few_points
stucco/train/stucco_train.json,Pintura_0.9.jpg,244,too_few_points
stucco/train/stucco_train.json,Pintura_0.9.jpg,245,too_few_points
stucco/train/stucco_train.json,Pintura_0.9.jpg,246,too_few_points
stucco/train/stucco_train.json,Pintura_0.9.jpg,247,too_few_points
stucco/train/stucco_train.json,Pintura_0.9.jpg,248,too_few_points
stucco/train/stucco_train.json,Pintura_0.9.jpg,249,too_few_points
stucco/train/stucco_train.json,Pintura_0.9.jpg,250,too_few_points
stucco/train/stucco_train.json,Pintura_0.9.jpg,255,too_few_points
stucco/train/stucco_train.json,Pintura_0.9.jpg,256,too_few_points
stucco/train/stucco_train.json,Pintura_0.9.jpg,257,too_few_points
stucco/train/stucco_train.json,Pintura_0.9.jpg,258,too_few_points
stucco/train/stucco_train.json,Pintura_0.9.jpg,259,too_few_points
stucco/train/stucco_train.json,Pintura_0.9.jpg,260,too_few_points
stucco/train/stucco_train.json,Pintura_0.9.jpg,261,too_few_points
stucco/train/stucco_train.json,Pintura_0.9.jpg,262,too_few_points
stucco/train/stucco_train.json,Pintura_0.9.jpg,263,too_few_points
stucco/train/stucco_train.json,Pintura_0.9.jpg,264,too_few_points
stucco/train/stucco_train.json,Pintura_0.9.jpg,265,too_few_points
stucco/train/stucco_train.json,Pintura_0.9.jpg,266,too_few_points
stucco/train/stucco_train.json,Pintura_0.9.jpg,267,too_few_points
stucco/train/stucco_train.json,Pintura_0.9.jpg,268,too_few_points
stucco/train/stucco_train.json,Pintura_0.9.jpg,269,too_few_points
stucco/train/stucco_train.json,Pintura_0.9.jpg,270,too_few_points
stucco/train/stucco_train.json,Pintura_0.9.jpg,271,too_few_points
stucco/train/stucco_train.json,Pintura_0.9.jpg,272,too_few_points
stucco/train/stucco_train.json,Pintura_0.9.jpg,273,too_few_points
stucco/train/stucco_train.json,Pintura_0.9.jpg,274,too_few_points
stucco/train/stucco_train.json,Pintura_0.9.jpg,275,too_few_points
stucco/train/stucco_train.json,Pintura_0.9.jpg,276,too_few_points
stucco/train/stucco_train.json,Pintura_0.9.jpg,277,too_few_points
stucco/train/stucco_train.json,Pintura_0.9.jpg,278,too_few_points
stucco/train/stucco_train.json,Pintura_0.9.jpg,279,too_few_points
stucco/train/stucco_train.json,Pintura_0.9.jpg,280,too_few_points
stucco/train/stucco_train.json,Pintura_0.9.jpg,281,too_few_points
stucco/train/stucco_train.json,Pintura_0.9.jpg,282,too_few_points
stucco/train/stucco_train.json,Pintura_0.9.jpg,283,too_few_points
stucco/train/stucco_train.json,Pintura_0.9.jpg,284,too_few_points
stucco/train/stucco_train.json,Pintura_0.9.jpg,285,too_few_points
stucco/train/stucco_train.json,Pintura_0.9.jpg,286,too_few_points
stucco/train/stucco_train.json,Pintura_0.9.jpg,287,too_few_points
stucco/train/stucco_train.json,Pintura_0.9.jpg,288,too_few_points
stucco/train/stucco_train.json,Pintura_0.9.jpg,289,too_few_points
stucco/train/stucco_train.json,Pintura_0.9.jpg,290,too_few_points
stucco/train/stucco_train.json,Pintura_0.9.jpg,291,too_few_points
stucco/train/stucco_train.json,Pintura_0.9.jpg,292,too_few_points
stucco/train/stucco_train.json,Pintura_0.9.jpg,293,too_few_points
stucco/train/stucco_train.json,Pintura_0.9.jpg,294,too_few_points
stucco/train/stucco_train.json,Pintura_0.9.jpg,295,too_few_points
stucco/train/stucco_train.json,Pintura_0.9.jpg,296,too_few_points
stucco/train/stucco_train.json,Pintura_0.9.jpg,297,too_few_points
stucco/train/stucco_train.json,Pintura_0.9.jpg,298,too_few_points
stucco/train/stucco_train.json,Pintura_0.9.jpg,299,too_few_points
stucco/train/stucco_train.json,Pintura_0.9.jpg,300,too_few_points
stucco/train/stucco_train.json,Pintura_0.9.jpg,301,too_few_points
stucco/train/stucco_train.json,Pintura_0.9.jpg,309,too_few_points
stucco/train/stucco_train.json,Pintura_0.9.jpg,310,too_few_points
stucco/train/stucco_train.json,Pintura_0.9.jpg,311,too_few_points
stucco/train/stucco_train.json,Pintura_0.9.jpg,312,too_few_points
stucco/train/stucco_train.json,Pintura_0.9.jpg,313,too_few_points
stucco/train/stucco_train.json,Pintura_0.9.jpg,314,too_few_points
stucco/train/stucco_train.json,Pintura_0.9.jpg,315,too_few_points
stucco/train/stucco_train.json,Pintura_0.9.jpg,316,too_few_points
stucco/train/stucco_train.json,Pintura_0.9.jpg,317,too_few_points
stucco/train/stucco_train.json,Pintura_0.9.jpg,318,too_few_points
stucco/train/stucco_train.json,Pintura_0.9.jpg,319,too_few_points
stucco/train/stucco_train.json,Pintura_0.9.jpg,320,too_few_points
stucco/train/stucco_train.json,Pintura_0.9.jpg,321,too_few_points
stucco/train/stucco_train.json,Pintura_0.9.jpg,322,too_few_points
stucco/train/stucco_train.json,Pintura_0.9.jpg,323,too_few_points
stucco/train/stucco_train.json,Pintura_0.9.jpg,324,too_few_points
stucco/train/stucco_train.json,Pintura_0.9.jpg,325,too_few_points
stucco/train/stucco_train.json,Pintura_0.9.jpg,326,too_few_points
stucco/train/stucco_train.json,Pintura_0.9.jpg,327,too_few_points
stucco/train/stucco_train.json,Pintura_0.9.jpg,328,too_few_points
stucco/train/stucco_train.json,Pintura_0.9.jpg,329,too_few_points
stucco/train/stucco_train.json,Pintura_0.9.jpg,330,too_few_points
stucco/train/stucco_train.json,Pintura_0.9.jpg,331,too_few_points
stucco/train/stucco_train.json,Pintura_0.9.jpg,332,too_few_points
stucco/train/stucco_train.json,Pintura_0.9.jpg,333,too_few_points
stucco/train/stucco_train.json,Pintura_0.9.jpg,334,too_few_points
stucco/train/stucco_train.json,Pintura_0.9.jpg,335,too_few_points
stucco/train/stucco_train.json,Pintura_0.9.jpg,336,too_few_points
stucco/train/stucco_train.json,Pintura_0.9.jpg,337,too_few_points
stucco/train/stucco_train.json,Pintura_0.9.jpg,338,too_few_points
stucco/train/stucco_train.json,Pintura_0.9.jpg,339,too_few_points
stucco/train/stucco_train.json,Pintura_0.9.jpg,340,too_few_points
stucco/train/stucco_train.json,Pintura_0.9.jpg,341,too_few_points
stucco/train/stucco_train.json,Pintura_0.9.jpg,342,too_few_points
stucco/train/stucco_train.json,Pintura_0.9.jpg,343,too_few_points
stucco/train/stucco_train.json,Pintura_0.9.jpg,344,too_few_points
stucco/train/stucco_train.json,Pintura_0.9.jpg,345,too_few_points
stucco/train/stucco_train.json,Pintura_0.9.jpg,346,too_few_points
stucco/train/stucco_train.json,Pintura_0.9.jpg,347,too_few_points
stucco/train/stucco_train.json,Pintura_0.9.jpg,348,too_few_points
stucco/train/stucco_train.json,Pintura_0.9.jpg,349,too_few_points
stucco/train/stucco_train.json,Pintura_0.9.jpg,350,too_few_points
stucco/train/stucco_train.json,Pintura_0.9.jpg,351,too_few_points
stucco/train/stucco_train.json,Pintura_0.9.jpg,352,too_few_points
stucco/train/stucco_train.json,Pintura_0.9.jpg,353,too_few_points
stucco/train/stucco_train.json,Pintura_0.9.jpg,354,too_few_points
stucco/train/stucco_train.json,Pintura_0.9.jpg,355,too_few_points
stucco/train/stucco_train.json,Pintura_0.9.jpg,356,too_few_points
stucco/train/stucco_train.json,Pintura_0.9.jpg,357,too_few_points
stucco/train/stucco_train.json,Pintura_0.9.jpg,358,too_few_points
stucco/train/stucco_train.json,Pintura_0.9.jpg,359,too_few_points
stucco/train/stucco_train.json,Pintura_0.9.jpg,360,too_few_points
stucco/train/stucco_train.json,Pintura_0.9.jpg,361,too_few_points
stucco/train/stucco_train.json,Pintura_0.9.jpg,362,too_few_points
stucco/train/stucco_train.json,Pintura_0.9.jpg,363,too_few_points
stucco/train/stucco_train.json,Pintura_0.9.jpg,364,too_few_points
stucco/train/stucco_train.json,Pintura_0.9.jpg,365,too_few_points
stucco/train/stucco_train.json,Pintura_0.9.jpg,366,too_few_points
stucco/train/stucco_train.json,Pintura_0.9.jpg,387,too_few_points
stucco/train/stucco_train.json,Pintura_0.9.jpg,394,too_few_points
stucco/train/stucco_train.json,Pintura_0.9.jpg,395,too_few_points
stucco/train/stucco_train.json,Pintura_0.9.jpg,396,too_few_points
stucco/train/stucco_train.json,Pintura_0.9.jpg,397,too_few_points
stucco/train/stucco_train.json,Pintura_0.9.jpg,398,too_few_points
stucco/train/stucco_train.json,Pintura_0.9.jpg,399,too_few_points
stucco/train/stucco_train.json,Pintura_0.9.jpg,400,too_few_points
stucco/train/stucco_train.json,Pintura_0.9.jpg,401,too_few_points
stucco/train/stucco_train.json,Pintura_0.9.jpg,402,too_few_points
stucco/train/stucco_train.json,Pintura_0.9.jpg,403,too_few_points
stucco/train/stucco_train.json,Pintura_0.9.jpg,404,too_few_points
stucco/train/stucco_train.json,Pintura_0.9.jpg,405,too_few_points
stucco/train/stucco_train.json,Pintura_0.9.jpg,406,too_few_points
stucco/train/stucco_train.json,Pintura_0.9.jpg,407,too_few_points
stucco/train/stucco_train.json,Pintura_0.9.jpg,408,too_few_points
stucco/train/stucco_train.json,Pintura_0.9.jpg,409,too_few_points
stucco/train/stucco_train.json,Pintura_0.9.jpg,410,too_few_points
stucco/train/stucco_train.json,Pintura_0.9.jpg,411,too_few_points
stucco/train/stucco_train.json,Pintura_0.9.jpg,412,too_few_points
stucco/train/stucco_train.json,Pintura_0.9.jpg,413,too_few_points
stucco/train/stucco_train.json,Pintura_0.9.jpg,414,too_few_points
stucco/train/stucco_train.json,Pintura_0.9.jpg,415,too_few_points
stucco/train/stucco_train.json,Pintura_0.9.jpg,416,too_few_points
stucco/train/stucco_train.json,Pintura_0.9.jpg,417,too_few_points
stucco/train/stucco_train.json,Pintura_0.9.jpg,426,too_few_points
stucco/train/stucco_train.json,Pintura_0.9.jpg,427,too_few_points
stucco/train/stucco_train.json,Pintura_0.9.jpg,428,too_few_points
stucco/train/stucco_train.json,Pintura_0.9.jpg,429,too_few_points
stucco/train/stucco_train.json,Pintura_0.9.jpg,430,too_few_points
stucco/train/stucco_train.json,Pintura_0.9.jpg,431,too_few_points
stucco/train/stucco_train.json,Pintura_0.9.jpg,432,too_few_points
stucco/train/stucco_train.json,Pintura_0.9.jpg,433,too_few_points
stucco/train/stucco_train.json,Pintura_0.9.jpg,434,too_few_points
stucco/train/stucco_train.json,Pintura_0.9.jpg,435,too_few_points
stucco/train/stucco_train.json,Pintura_0.9.jpg,436,too_few_points
stucco/train/stucco_train.json,Pintura_0.9.jpg,437,too_few_points
stucco/train/stucco_train.json,Pintura_0.9.jpg,438,too_few_points
stucco/train/stucco_train.json,Pintura_0.9.jpg,439,too_few_points
stucco/train/stucco_train.json,Pintura_0.9.jpg,440,too_few_points
stucco/train/stucco_train.json,Pintura_0.9.jpg,441,too_few_points
stucco/train/stucco_train.json,Pintura_0.9.jpg,442,too_few_points
stucco/train/stucco_train.json,Pintura_0.9.jpg,443,too_few_points
stucco/train/stucco_train.json,Pintura_0.9.jpg,444,too_few_points
stucco/train/stucco_train.json,Pintura_0.13.jpg,0,too_few_points
stucco/train/stucco_train.json,Pintura_0.13.jpg,1,too_few_points
stucco/train/stucco_train.json,Pintura_0.13.jpg,2,too_few_points
stucco/train/stucco_train.json,Pintura_0.13.jpg,3,too_few_points
stucco/train/stucco_train.json,Pintura_0.13.jpg,4,too_few_points
stucco/train/stucco_train.json,Pintura_0.13.jpg,5,too_few_points
stucco/train/stucco_train.json,Pintura_0.13.jpg,6,too_few_points
stucco/train/stucco_train.json,Pintura_0.13.jpg,7,too_few_points
stucco/train/stucco_train.json,Pintura_0.13.jpg,8,too_few_points
stucco/train/stucco_train.json,Pintura_0.13.jpg,9,too_few_points
stucco/train/stucco_train.json,Pintura_0.13.jpg,10,too_few_points
stucco/train/stucco_train.json,Pintura_0.13.jpg,11,too_few_points
stucco/train/stucco_train.json,Pintura_0.13.jpg,12,too_few_points
stucco/train/stucco_train.json,Pintura_0.13.jpg,13,too_few_points
stucco/train/stucco_train.json,Pintura_0.13.jpg,14,too_few_points
stucco/train/stucco_train.json,Pintura_0.13.jpg,15,too_few_points
stucco/train/stucco_train.json,Pintura_0.13.jpg,16,too_few_points
stucco/train/stucco_train.json,Pintura_0.13.jpg,17,too_few_points
stucco/train/stucco_train.json,Pintura_0.13.jpg,18,too_few_points
stucco/train/stucco_train.json,Pintura_0.13.jpg,19,too_few_points
stucco/train/stucco_train.json,Pintura_0.13.jpg,20,too_few_points
stucco/train/stucco_train.json,Pintura_0.13.jpg,21,too_few_points
stucco/train/stucco_train.json,Pintura_0.13.jpg,22,too_few_points
stucco/train/stucco_train.json,Pintura_0.13.jpg,23,too_few_points
stucco/train/stucco_train.json,Pintura_0.13.jpg,24,too_few_points
stucco/train/stucco_train.json,Pintura_0.13.jpg,25,too_few_points
stucco/train/stucco_train.json,Pintura_0.13.jpg,26,too_few_points
stucco/train/stucco_train.json,Pintura_0.13.jpg,27,too_few_points
stucco/train/stucco_train.json,Pintura_0.13.jpg,28,too_few_points
stucco/train/stucco_train.json,Pintura_0.13.jpg,29,too_few_points
stucco/train/stucco_train.json,Pintura_0.13.jpg,30,too_few_points
stucco/train/stucco_train.json,Pintura_0.13.jpg,31,too_few_points
stucco/train/stucco_train.json,Pintura_0.13.jpg,32,too_few_points
stucco/train/stucco_train.json,Pintura_0.13.jpg,37,too_few_points
stucco/train/stucco_train.json,Pintura_0.13.jpg,38,too_few_points
stucco/train/stucco_train.json,Pintura_0.13.jpg,39,too_few_points
stucco/train/stucco_train.json,Pintura_0.13.jpg,40,too_few_points
stucco/train/stucco_train.json,Pintura_0.13.jpg,41,too_few_points
stucco/train/stucco_train.json,Pintura_0.13.jpg,42,too_few_points
stucco/train/stucco_train.json,Pintura_0.13.jpg,43,too_few_points
stucco/train/stucco_train.json,Pintura_0.13.jpg,44,too_few_points
stucco/train/stucco_train.json,Pintura_0.13.jpg,45,too_few_points
stucco/train/stucco_train.json,Pintura_0.13.jpg,46,too_few_points
stucco/train/stucco_train.json,Pintura_0.13.jpg,47,too_few_points
stucco/train/stucco_train.json,Pintura_0.13.jpg,48,too_few_points
stucco/train/stucco_train.json,Pintura_0.13.jpg,49,too_few_points
stucco/train/stucco_train.json,Pintura_0.13.jpg,50,too_few_points
stucco/train/stucco_train.json,Pintura_0.13.jpg,51,too_few_points
stucco/train/stucco_train.json,Pintura_0.13.jpg,52,too_few_points
stucco/train/stucco_train.json,Pintura_0.13.jpg,53,too_few_points
stucco/train/stucco_train.json,Pintura_0.13.jpg,54,too_few_points
stucco/train/stucco_train.json,Pintura_0.13.jpg,55,too_few_points
stucco/train/stucco_train.json,Pintura_0.13.jpg,56,too_few_points
stucco/train/stucco_train.json,Pintura_0.13.jpg,57,too_few_points
stucco/train/stucco_train.json,Pintura_0.13.jpg,58,too_few_points
stucco/train/stucco_train.json,Pintura_0.13.jpg,59,too_few_points
stucco/train/stucco_train.json,Pintura_0.13.jpg,60,too_few_points
stucco/train/stucco_train.json,Pintura_0.13.jpg,61,too_few_points
stucco/train/stucco_train.json,Pintura_0.13.jpg,62,too_few_points
stucco/train/stucco_train.json,Pintura_0.13.jpg,63,too_few_points
stucco/train/stucco_train.json,Pintura_0.13.jpg,64,too_few_points
stucco/train/stucco_train.json,Pintura_0.13.jpg,65,too_few_points
stucco/train/stucco_train.json,Pintura_0.13.jpg,66,too_few_points
stucco/train/stucco_train.json,Pintura_0.13.jpg,67,too_few_points
stucco/train/stucco_train.json,Pintura_0.13.jpg,68,too_few_points
stucco/train/stucco_train.json,Pintura_0.13.jpg,69,too_few_points
stucco/train/stucco_train.json,Pintura_0.13.jpg,70,too_few_points
stucco/train/stucco_train.json,Pintura_0.13.jpg,71,too_few_points
stucco/train/stucco_train.json,Pintura_0.13.jpg,83,too_few_points
stucco/train/stucco_train.json,Pintura_0.13.jpg,84,too_few_points
stucco/train/stucco_train.json,Pintura_0.13.jpg,85,too_few_points
stucco/train/stucco_train.json,Pintura_0.13.jpg,86,too_few_points
stucco/train/stucco_train.json,Pintura_0.13.jpg,87,too_few_points
stucco/train/stucco_train.json,Pintura_0.13.jpg,88,too_few_points
stucco/train/stucco_train.json,Pintura_0.13.jpg,89,too_few_points
stucco/train/stucco_train.json,Pintura_0.13.jpg,90,too_few_points
stucco/train/stucco_train.json,Pintura_0.13.jpg,91,too_few_points
stucco/train/stucco_train.json,Pintura_0.13.jpg,92,too_few_points
stucco/train/stucco_train.json,Pintura_0.13.jpg,93,too_few_points
stucco/train/stucco_train.json,Pintura_0.13.jpg,94,too_few_points
stucco/train/stucco_train.json,Pintura_0.13.jpg,95,too_few_points
stucco/train/stucco_train.json,Pintura_0.13.jpg,96,too_few_points
stucco/train/stucco_train.json,Pintura_0.13.jpg,97,too_few_points
stucco/train/stucco_train.json,Pintura_0.13.jpg,98,too_few_points
stucco/train/stucco_train.json,Pintura_0.13.jpg,99,too_few_points
stucco/train/stucco_train.json,Pintura_0.13.jpg,100,too_few_points
stucco/train/stucco_train.json,Pintura_0.13.jpg,101,too_few_points
stucco/train/stucco_train.json,Pintura_0.13.jpg,102,too_few_points
stucco/train/stucco_train.json,Pintura_0.13.jpg,103,too_few_points
stucco/train/stucco_train.json,Pintura_0.13.jpg,104,too_few_points
stucco/train/stucco_train.json,Pintura_0.13.jpg,105,too_few_points
stucco/train/stucco_train.json,Pintura_0.13.jpg,106,too_few_points
stucco/train/stucco_train.json,Pintura_0.13.jpg,107,too_few_points
stucco/train/stucco_train.json,Pintura_0.13.jpg,108,too_few_points
stucco/train/stucco_train.json,Pintura_0.13.jpg,109,too_few_points
stucco/train/stucco_train.json,Pintura_0.13.jpg,110,too_few_points
stucco/train/stucco_train.json,Pintura_0.13.jpg,111,too_few_points
stucco/train/stucco_train.json,Pintura_0.13.jpg,112,too_few_points
stucco/train/stucco_train.json,Pintura_0.13.jpg,113,too_few_points
stucco/train/stucco_train.json,Pintura_0.13.jpg,114,too_few_points
stucco/train/stucco_train.json,Pintura_0.13.jpg,115,too_few_points
stucco/train/stucco_train.json,Pintura_0.13.jpg,116,too_few_points
stucco/train/stucco_train.json,Pintura_0.13.jpg,117,too_few_points
stucco/train/stucco_train.json,Pintura_0.13.jpg,118,too_few_points
stucco/train/stucco_train.json,Pintura_0.13.jpg,119,too_few_points
stucco/train/stucco_train.json,Pintura_0.13.jpg,120,too_few_points
stucco/train/stucco_train.json,Pintura_0.13.jpg,126,too_few_points
stucco/train/stucco_train.json,Pintura_0.13.jpg,132,too_few_points
stucco/train/stucco_train.json,Pintura_0.13.jpg,133,too_few_points
stucco/train/stucco_train.json,Pintura_0.13.jpg,134,too_few_points
stucco/train/stucco_train.json,Pintura_0.13.jpg,135,too_few_points
stucco/train/stucco_train.json,Pintura_0.13.jpg,136,too_few_points
stucco/train/stucco_train.json,Pintura_0.13.jpg,137,too_few_points
stucco/train/stucco_train.json,Pintura_0.13.jpg,138,too_few_points
stucco/train/stucco_train.json,Pintura_0.13.jpg,139,too_few_points
stucco/train/stucco_train.json,Pintura_0.13.jpg,140,too_few_points
stucco/train/stucco_train.json,Pintura_0.13.jpg,141,too_few_points
stucco/train/stucco_train.json,Pintura_0.13.jpg,142,too_few_points
stucco/train/stucco_train.json,Pintura_0.13.jpg,143,too_few_points
stucco/train/stucco_train.json,Pintura_0.13.jpg,144,too_few_points
stucco/train/stucco_train.json,Pintura_0.13.jpg,145,too_few_points
stucco/train/stucco_train.json,Pintura_0.13.jpg,146,too_few_points
stucco/train/stucco_train.json,Pintura_0.13.jpg,147,too_few_points
stucco/train/stucco_train.json,Pintura_0.13.jpg,148,too_few_points
stucco/train/stucco_train.json,Pintura_0.13.jpg,149,too_few_points
stucco/train/stucco_train.json,Pintura_0.13.jpg,150,too_few_points
stucco/train/stucco_train.json,Pintura_0.13.jpg,151,too_few_points
stucco/train/stucco_train.json,Pintura_0.13.jpg,152,too_few_points
stucco/train/stucco_train.json,Pintura_0.13.jpg,153,too_few_points
stucco/train/stucco_train.json,Pintura_0.13.jpg,154,too_few_points
stucco/train/stucco_train.json,Pintura_0.13.jpg,155,too_few_points
stucco/train/stucco_train.json,Pintura_0.13.jpg,156,too_few_points
stucco/train/stucco_train.json,Pintura_0.13.jpg,157,too_few_points
stucco/train/stucco_train.json,Pintura_0.13.jpg,158,too_few_points
stucco/train/stucco_train.json,Pintura_0.13.jpg,159,too_few_points
stucco/train/stucco_train.json,Pintura_0.13.jpg,160,too_few_points
stucco/train/stucco_train.json,Pintura_0.13.jpg,161,too_few_points
stucco/train/stucco_train.json,Pintura_0.13.jpg,162,too_few_points
stucco/train/stucco_train.json,Pintura_0.13.jpg,163,too_few_points
stucco/train/stucco_train.json,Pintura_0.13.jpg,164,too_few_points
stucco/train/stucco_train.json,Pintura_0.13.jpg,165,too_few_points
stucco/train/stucco_train.json,Pintura_0.13.jpg,166,too_few_points
stucco/train/stucco_train.json,Pintura_0.13.jpg,167,too_few_points
stucco/train/stucco_train.json,Pintura_0.13.jpg,168,too_few_points
stucco/train/stucco_train.json,Pintura_0.13.jpg,171,too_few_points
stucco/train/stucco_train.json,Pintura_0.13.jpg,172,too_few_points
stucco/train/stucco_train.json,Pintura_0.13.jpg,173,too_few_points
stucco/train/stucco_train.json,Pintura_0.13.jpg,174,too_few_points
stucco/train/stucco_train.json,Pintura_0.13.jpg,175,too_few_points
stucco/train/stucco_train.json,Pintura_0.13.jpg,216,too_few_points
stucco/train/stucco_train.json,Pintura_0.13.jpg,217,too_few_points
stucco/train/stucco_train.json,Pintura_0.13.jpg,218,too_few_points
stucco/train/stucco_train.json,Pintura_0.13.jpg,219,too_few_points
stucco/train/stucco_train.json,Pintura_0.13.jpg,220,too_few_points
stucco/train/stucco_train.json,Pintura_0.13.jpg,221,too_few_points
stucco/train/stucco_train.json,Pintura_0.13.jpg,222,too_few_points
stucco/train/stucco_train.json,Pintura_0.13.jpg,223,too_few_points
stucco/train/stucco_train.json,Pintura_0.13.jpg,224,too_few_points
stucco/train/stucco_train.json,Pintura_0.13.jpg,225,too_few_points
stucco/train/stucco_train.json,Pintura_0.13.jpg,226,too_few_points
stucco/train/stucco_train.json,Pintura_0.13.jpg,227,too_few_points
stucco/train/stucco_train.json,Pintura_0.13.jpg,228,too_few_points
stucco/train/stucco_train.json,Pintura_0.13.jpg,229,too_few_points
stucco/train/stucco_train.json,Pintura_0.13.jpg,230,too_few_points
stucco/train/stucco_train.json,Pintura_0.13.jpg,231,too_few_points
stucco/train/stucco_train.json,Pintura_0.13.jpg,232,too_few_points
stucco/train/stucco_train.json,Pintura_0.13.jpg,233,too_few_points
stucco/train/stucco_train.json,Pintura_0.13.jpg,234,too_few_points
stucco/train/stucco_train.json,Pintura_0.13.jpg,235,too_few_points
stucco/train/stucco_train.json,Pintura_0.13.jpg,236,too_few_points
stucco/train/stucco_train.json,Pintura_0.13.jpg,237,too_few_points
stucco/train/stucco_train.json,Pintura_0.13.jpg,238,too_few_points
stucco/train/stucco_train.json,Pintura_0.13.jpg,239,too_few_points
stucco/train/stucco_train.json,Pintura_0.13.jpg,240,too_few_points
stucco/train/stucco_train.json,Pintura_0.13.jpg,241,too_few_points
stucco/train/stucco_train.json,Pintura_0.13.jpg,242,too_few_points
stucco/train/stucco_train.json,Pintura_0.13.jpg,243,too_few_points
stucco/train/stucco_train.json,Pintura_0.13.jpg,244,too_few_points
stucco/train/stucco_train.json,Pintura_0.13.jpg,245,too_few_points
stucco/train/stucco_train.json,Pintura_0.13.jpg,246,too_few_points
stucco/train/stucco_train.json,Pintura_0.13.jpg,258,too_few_points
stucco/train/stucco_train.json,Pintura_0.13.jpg,259,too_few_points
stucco/train/stucco_train.json,Pintura_0.13.jpg,260,too_few_points
stucco/train/stucco_train.json,Pintura_0.13.jpg,261,too_few_points
stucco/train/stucco_train.json,Pintura_0.13.jpg,262,too_few_points
stucco/train/stucco_train.json,Pintura_0.13.jpg,272,too_few_points
stucco/train/stucco_train.json,Pintura_0.13.jpg,273,too_few_points
stucco/train/stucco_train.json,Pintura_0.13.jpg,274,too_few_points
stucco/train/stucco_train.json,Pintura_0.13.jpg,275,too_few_points
stucco/train/stucco_train.json,Pintura_0.13.jpg,278,too_few_points
stucco/train/stucco_train.json,Pintura_0.13.jpg,279,too_few_points
stucco/train/stucco_train.json,Pintura_0.13.jpg,280,too_few_points
stucco/train/stucco_train.json,Pintura_0.13.jpg,281,too_few_points
stucco/train/stucco_train.json,Pintura_0.13.jpg,282,too_few_points
stucco/train/stucco_train.json,Pintura_0.13.jpg,283,too_few_points
stucco/train/stucco_train.json,Pintura_0.13.jpg,284,too_few_points
stucco/train/stucco_train.json,Pintura_0.13.jpg,285,too_few_points
stucco/train/stucco_train.json,Pintura_0.13.jpg,286,too_few_points
stucco/train/stucco_train.json,Pintura_0.13.jpg,287,too_few_points
stucco/train/stucco_train.json,Pintura_0.13.jpg,292,too_few_points
stucco/train/stucco_train.json,Pintura_0.13.jpg,293,too_few_points
stucco/train/stucco_train.json,Pintura_0.13.jpg,294,too_few_points
stucco/train/stucco_train.json,Pintura_0.13.jpg,295,too_few_points
stucco/train/stucco_train.json,Pintura_0.13.jpg,303,too_few_points
stucco/train/stucco_train.json,Pintura_0.13.jpg,308,too_few_points
stucco/train/stucco_train.json,Pintura_0.13.jpg,309,too_few_points
stucco/train/stucco_train.json,Pintura_0.13.jpg,310,too_few_points
stucco/train/stucco_train.json,Pintura_0.13.jpg,311,too_few_points
stucco/train/stucco_train.json,Pintura_0.13.jpg,312,too_few_points
stucco/train/stucco_train.json,Pintura_0.13.jpg,313,too_few_points
stucco/train/stucco_train.json,Pintura_0.13.jpg,314,too_few_points
stucco/train/stucco_train.json,Pintura_0.13.jpg,315,too_few_points
stucco/train/stucco_train.json,Pintura_0.13.jpg,316,too_few_points
stucco/train/stucco_train.json,Pintura_0.13.jpg,317,too_few_points
stucco/train/stucco_train.json,Pintura_0.13.jpg,318,too_few_points
stucco/train/stucco_train.json,Pintura_0.13.jpg,320,too_few_points
stucco/train/stucco_train.json,Pintura_0.13.jpg,321,too_few_points
stucco/train/stucco_train.json,Pintura_0.13.jpg,322,too_few_points
stucco/train/stucco_train.json,Pintura_0.13.jpg,331,too_few_points
stucco/train/stucco_train.json,Pintura_0.13.jpg,332,too_few_points
stucco/train/stucco_train.json,Pintura_0.13.jpg,333,too_few_points
stucco/train/stucco_train.json,Pintura_0.13.jpg,334,too_few_points
stucco/train/stucco_train.json,Pintura_0.13.jpg,335,too_few_points
stucco/train/stucco_train.json,Pintura_0.13.jpg,336,too_few_points
stucco/train/stucco_train.json,Pintura_0.13.jpg,337,too_few_points
stucco/train/stucco_train.json,Pintura_0.13.jpg,338,too_few_points
stucco/train/stucco_train.json,Pintura_0.13.jpg,339,too_few_points
stucco/train/stucco_train.json,Pintura_0.13.jpg,340,too_few_points
stucco/train/stucco_train.json,Pintura_0.13.jpg,341,too_few_points
stucco/train/stucco_train.json,Pintura_0.13.jpg,342,too_few_points
stucco/train/stucco_train.json,Pintura_0.13.jpg,343,too_few_points
stucco/train/stucco_train.json,Pintura_0.13.jpg,344,too_few_points
stucco/train/stucco_train.json,Pintura_0.13.jpg,350,too_few_points
stucco/train/stucco_train.json,Pintura_0.13.jpg,359,too_few_points
stucco/train/stucco_train.json,Pintura_0.13.jpg,360,too_few_points
stucco/train/stucco_train.json,Pintura_0.13.jpg,361,too_few_points
stucco/train/stucco_train.json,Pintura_0.13.jpg,362,too_few_points
stucco/train/stucco_train.json,Pintura_0.13.jpg,363,too_few_points
stucco/train/stucco_train.json,Pintura_0.13.jpg,364,too_few_points
stucco/train/stucco_train.json,Pintura_0.13.jpg,366,too_few_points
stucco/train/stucco_train.json,Pintura_0.13.jpg,367,too_few_points
stucco/train/stucco_train.json,Pintura_0.13.jpg,369,too_few_points
stucco/train/stucco_train.json,Pintura_0.13.jpg,372,too_few_points
stucco/train/stucco_train.json,Pintura_0.13.jpg,373,too_few_points
stucco/train/stucco_train.json,Pintura_0.13.jpg,374,too_few_points
stucco/train/stucco_train.json,Pintura_0.13.jpg,375,too_few_points
stucco/train/stucco_train.json,Pintura_0.13.jpg,376,too_few_points
stucco/train/stucco_train.json,Pintura_0.13.jpg,387,too_few_points
stucco/train/stucco_train.json,Pintura_0.13.jpg,388,too_few_points
stucco/train/stucco_train.json,Pintura_0.13.jpg,389,too_few_points
stucco/train/stucco_train.json,Pintura_0.13.jpg,390,too_few_points
stucco/train/stucco_train.json,Pintura_0.13.jpg,391,too_few_points
stucco/train/stucco_train.json,Pintura_0.13.jpg,396,too_few_points
stucco/train/stucco_train.json,Pintura_0.13.jpg,397,too_few_points
stucco/train/stucco_train.json,Pintura_0.13.jpg,398,too_few_points
stucco/train/stucco_train.json,Pintura_0.13.jpg,399,too_few_points
stucco/train/stucco_train.json,Pintura_0.13.jpg,400,too_few_points
stucco/train/stucco_train.json,Pintura_0.13.jpg,401,too_few_points
stucco/train/stucco_train.json,Pintura_0.13.jpg,402,too_few_points
stucco/train/stucco_train.json,Pintura_0.13.jpg,403,too_few_points
stucco/train/stucco_train.json,Pintura_0.13.jpg,404,too_few_points
stucco/train/stucco_train.json,Pintura_0.13.jpg,405,too_few_points
stucco/train/stucco_train.json,Pintura_0.13.jpg,406,too_few_points
stucco/train/stucco_train.json,Pintura_0.13.jpg,407,too_few_points
stucco/train/stucco_train.json,Pintura_0.13.jpg,408,too_few_points
stucco/train/stucco_train.json,Pintura_0.13.jpg,409,too_few_points
stucco/train/stucco_train.json,Pintura_0.13.jpg,410,too_few_points
stucco/train/stucco_train.json,Pintura_0.13.jpg,411,too_few_points
stucco/train/stucco_train.json,Pintura_0.13.jpg,412,too_few_points
stucco/train/stucco_train.json,Pintura_0.13.jpg,413,too_few_points
stucco/train/stucco_train.json,Pintura_0.13.jpg,414,too_few_points
stucco/train/stucco_train.json,Pintura_0.13.jpg,415,too_few_points
stucco/train/stucco_train.json,Pintura_0.13.jpg,416,too_few_points
stucco/train/stucco_train.json,Pintura_0.13.jpg,417,too_few_points
stucco/train/stucco_train.json,Pintura_0.13.jpg,418,too_few_points
stucco/train/stucco_train.json,Pintura_0.13.jpg,419,too_few_points
stucco/train/stucco_train.json,Pintura_0.13.jpg,420,too_few_points
stucco/train/stucco_train.json,Pintura_0.13.jpg,421,too_few_points
stucco/train/stucco_train.json,Pintura_0.13.jpg,422,too_few_points
stucco/train/stucco_train.json,Pintura_0.13.jpg,423,too_few_points
stucco/train/stucco_train.json,Pintura_0.13.jpg,424,too_few_points
stucco/train/stucco_train.json,Pintura_0.13.jpg,425,too_few_points
stucco/train/stucco_train.json,Pintura_0.13.jpg,426,too_few_points
stucco/train/stucco_train.json,Pintura_0.13.jpg,427,too_few_points
stucco/train/stucco_train.json,Pintura_0.13.jpg,428,too_few_points
stucco/train/stucco_train.json,Pintura_0.13.jpg,429,too_few_points
stucco/train/stucco_train.json,Pintura_0.13.jpg,431,too_few_points
stucco/train/stucco_train.json,Pintura_0.13.jpg,432,too_few_points
stucco/train/stucco_train.json,Pintura_0.13.jpg,433,too_few_points
stucco/train/stucco_train.json,Pintura_0.13.jpg,445,too_few_points
stucco/train/stucco_train.json,Pintura_0.13.jpg,446,too_few_points
stucco/train/stucco_train.json,Pintura_0.13.jpg,447,too_few_points
stucco/train/stucco_train.json,Pintura_0.13.jpg,448,too_few_points
stucco/train/stucco_train.json,Pintura_0.13.jpg,449,too_few_points
stucco/train/stucco_train.json,Pintura_0.13.jpg,450,too_few_points
stucco/train/stucco_train.json,Pintura_0.13.jpg,451,too_few_points
stucco/train/stucco_train.json,Pintura_0.13.jpg,460,too_few_points
stucco/train/stucco_train.json,Pintura_0.13.jpg,461,too_few_points
stucco/train/stucco_train.json,Pintura_0.13.jpg,462,too_few_points
stucco/train/stucco_train.json,Pintura_0.13.jpg,463,too_few_points
stucco/train/stucco_train.json,Pintura_0.13.jpg,464,too_few_points
stucco/train/stucco_train.json,Pintura_0.13.jpg,465,too_few_points
stucco/train/stucco_train.json,Pintura_0.13.jpg,466,too_few_points
stucco/train/stucco_train.json,Pintura_0.13.jpg,467,too_few_points
stucco/train/stucco_train.json,Pintura_0.13.jpg,468,too_few_points
stucco/train/stucco_train.json,Pintura_0.13.jpg,469,too_few_points
stucco/train/stucco_train.json,Pintura_0.13.jpg,477,too_few_points
stucco/train/stucco_train.json,Pintura_0.13.jpg,478,too_few_points
stucco/train/stucco_train.json,Pintura_0.13.jpg,479,too_few_points
stucco/train/stucco_train.json,Pintura_0.13.jpg,480,too_few_points
stucco/train/stucco_train.json,Pintura_0.13.jpg,481,too_few_points
stucco/train/stucco_train.json,Pintura_0.13.jpg,482,too_few_points
stucco/train/stucco_train.json,Pintura_0.13.jpg,483,too_few_points
stucco/train/stucco_train.json,Pintura_0.13.jpg,484,too_few_points
stucco/train/stucco_train.json,Pintura_0.13.jpg,485,too_few_points
stucco/train/stucco_train.json,Pintura_0.13.jpg,486,too_few_points
stucco/train/stucco_train.json,Pintura_0.13.jpg,487,too_few_points
stucco/train/stucco_train.json,Pintura_0.13.jpg,488,too_few_points
stucco/train/stucco_train.json,Pintura_0.13.jpg,489,too_few_points
stucco/train/stucco_train.json,Pintura_0.13.jpg,504,too_few_points
stucco/train/stucco_train.json,Pintura_0.13.jpg,505,too_few_points
stucco/train/stucco_train.json,Pintura_0.13.jpg,506,too_few_points
stucco/train/stucco_train.json,Pintura_0.13.jpg,507,too_few_points
stucco/train/stucco_train.json,Pintura_0.13.jpg,508,too_few_points
stucco/train/stucco_train.json,Pintura_0.13.jpg,509,too_few_points
stucco/train/stucco_train.json,Pintura_0.13.jpg,510,too_few_points
stucco/train/stucco_train.json,Pintura_0.13.jpg,511,too_few_points
stucco/train/stucco_train.json,Pintura_0.13.jpg,512,too_few_points
stucco/train/stucco_train.json,Pintura_0.13.jpg,513,too_few_points
stucco/train/stucco_train.json,Pintura_0.13.jpg,514,too_few_points
stucco/train/stucco_train.json,Pintura_0.13.jpg,515,too_few_points
stucco/train/stucco_train.json,Pintura_0.13.jpg,516,too_few_points
stucco/train/stucco_train.json,Pintura_0.13.jpg,517,too_few_points
stucco/train/stucco_train.json,Pintura_0.13.jpg,518,too_few_points
stucco/train/stucco_train.json,Pintura_0.13.jpg,519,too_few_points
stucco/train/stucco_train.json,Pintura_0.13.jpg,524,too_few_points
stucco/train/stucco_train.json,Pintura_0.13.jpg,525,too_few_points
stucco/train/stucco_train.json,Pintura_0.13.jpg,526,too_few_points
stucco/train/stucco_train.json,Pintura_0.13.jpg,527,too_few_points
stucco/train/stucco_train.json,Pintura_0.13.jpg,528,too_few_points
stucco/train/stucco_train.json,Pintura_0.13.jpg,529,too_few_points
stucco/train/stucco_train.json,Pintura_0.13.jpg,530,too_few_points
stucco/train/stucco_train.json,Pintura_0.13.jpg,531,too_few_points
stucco/train/stucco_train.json,Pintura_0.13.jpg,532,too_few_points
stucco/train/stucco_train.json,Pintura_0.13.jpg,533,too_few_points
stucco/train/stucco_train.json,Pintura_0.13.jpg,534,too_few_points
stucco/train/stucco_train.json,Pintura_0.13.jpg,535,too_few_points
stucco/train/stucco_train.json,Pintura_0.13.jpg,536,too_few_points
stucco/train/stucco_train.json,Pintura_0.13.jpg,537,too_few_points
stucco/train/stucco_train.json,Pintura_0.13.jpg,538,too_few_points
stucco/train/stucco_train.json,Pintura_0.13.jpg,539,too_few_points
stucco/train/stucco_train.json,Pintura_0.13.jpg,540,too_few_points
stucco/train/stucco_train.json,Pintura_0.13.jpg,541,too_few_points
stucco/train/stucco_train.json,Pintura_0.13.jpg,550,too_few_points
stucco/train/stucco_train.json,Pintura_0.13.jpg,551,too_few_points
stucco/train/stucco_train.json,Pintura_0.13.jpg,552,too_few_points
stucco/train/stucco_train.json,Pintura_0.13.jpg,553,too_few_points
stucco/train/stucco_train.json,Pintura_0.13.jpg,554,too_few_points
stucco/train/stucco_train.json,Pintura_0.13.jpg,555,too_few_points
stucco/train/stucco_train.json,Pintura_0.13.jpg,556,too_few_points
stucco/train/stucco_train.json,Pintura_0.13.jpg,557,too_few_points
stucco/train/stucco_train.json,Pintura_0.13.jpg,558,too_few_points
stucco/train/stucco_train.json,Pintura_0.13.jpg,559,too_few_points
stucco/train/stucco_train.json,Pintura_0.13.jpg,560,too_few_points
stucco/train/stucco_train.json,Pintura_0.13.jpg,561,too_few_points
stucco/train/stucco_train.json,Pintura_0.13.jpg,562,too_few_points
stucco/train/stucco_train.json,Pintura_0.13.jpg,563,too_few_points
stucco/train/stucco_train.json,Pintura_0.13.jpg,568,too_few_points
stucco/train/stucco_train.json,Pintura_0.13.jpg,569,too_few_points
stucco/train/stucco_train.json,Pintura_0.13.jpg,570,too_few_points
stucco/train/stucco_train.json,Pintura_0.13.jpg,571,too_few_points
stucco/train/stucco_train.json,Pintura_0.13.jpg,572,too_few_points
stucco/train/stucco_train.json,Pintura_0.13.jpg,573,too_few_points
stucco/train/stucco_train.json,Pintura_0.13.jpg,574,too_few_points
stucco/train/stucco_train.json,Pintura_0.13.jpg,575,too_few_points
stucco/train/stucco_train.json,Pintura_0.13.jpg,576,too_few_points
stucco/train/stucco_train.json,Pintura_0.13.jpg,577,too_few_points
stucco/train/stucco_train.json,Pintura_0.13.jpg,578,too_few_points
stucco/train/stucco_train.json,Pintura_0.13.jpg,579,too_few_points
stucco/train/stucco_train.json,Pintura_0.13.jpg,580,too_few_points
stucco/train/stucco_train.json,Pintura_0.13.jpg,581,too_few_points
stucco/train/stucco_train.json,Pintura_0.13.jpg,582,too_few_points
stucco/train/stucco_train.json,Pintura_0.13.jpg,583,too_few_points
stucco/train/stucco_train.json,Pintura_0.13.jpg,584,too_few_points
stucco/train/stucco_train.json,Pintura_0.13.jpg,585,too_few_points
stucco/train/stucco_train.json,Pintura_0.13.jpg,586,too_few_points
stucco/train/stucco_train.json,Pintura_0.13.jpg,587,too_few_points
stucco/train/stucco_train.json,Pintura_0.13.jpg,588,too_few_points
stucco/train/stucco_train.json,Pintura_0.13.jpg,598,too_few_points
stucco/train/stucco_train.json,Pintura_0.13.jpg,599,too_few_points
stucco/train/stucco_train.json,Pintura_0.13.jpg,600,too_few_points
stucco/train/stucco_train.json,Pintura_0.13.jpg,601,too_few_points
stucco/train/stucco_train.json,Pintura_0.13.jpg,602,too_few_points
stucco/train/stucco_train.json,Pintura_0.13.jpg,603,too_few_points
stucco/train/stucco_train.json,Pintura_0.13.jpg,604,too_few_points
stucco/train/stucco_train.json,Pintura_0.13.jpg,605,too_few_points
stucco/train/stucco_train.json,Pintura_0.13.jpg,606,too_few_points
stucco/train/stucco_train.json,Pintura_0.13.jpg,607,too_few_points
stucco/train/stucco_train.json,Pintura_0.13.jpg,608,too_few_points
stucco/train/stucco_train.json,Pintura_0.13.jpg,609,too_few_points
stucco/train/stucco_train.json,Pintura_0.13.jpg,610,too_few_points
stucco/train/stucco_train.json,Pintura_0.13.jpg,611,too_few_points
stucco/train/stucco_train.json,Pintura_0.13.jpg,612,too_few_points
stucco/train/stucco_train.json,Pintura_0.13.jpg,613,too_few_points
stucco/train/stucco_train.json,Pintura_0.13.jpg,614,too_few_points
stucco/train/stucco_train.json,Pintura_0.13.jpg,615,too_few_points
stucco/train/stucco_train.json,Pintura_0.13.jpg,616,too_few_points
stucco/train/stucco_train.json,Pintura_0.13.jpg,617,too_few_points
stucco/train/stucco_train.json,Pintura_0.13.jpg,618,too_few_points
stucco/train/stucco_train.json,Pintura_0.13.jpg,619,too_few_points
stucco/train/stucco_train.json,Pintura_0.13.jpg,620,too_few_points
stucco/train/stucco_train.json,Pintura_0.13.jpg,621,too_few_points
stucco/train/stucco_train.json,Pintura_0.13.jpg,622,too_few_points
stucco/train/stucco_train.json,Pintura_0.13.jpg,625,too_few_points
stucco/train/stucco_train.json,Pintura_0.13.jpg,626,too_few_points
stucco/train/stucco_train.json,Pintura_0.13.jpg,627,too_few_points
stucco/train/stucco_train.json,Pintura_0.13.jpg,628,too_few_points
stucco/train/stucco_train.json,Pintura_0.13.jpg,629,too_few_points
stucco/train/stucco_train.json,Pintura_0.13.jpg,630,too_few_points
stucco/train/stucco_train.json,Pintura_0.13.jpg,631,too_few_points
stucco/train/stucco_train.json,Pintura_0.13.jpg,632,too_few_points
stucco/train/stucco_train.json,Pintura_0.13.jpg,633,too_few_points
stucco/train/stucco_train.json,Pintura_0.13.jpg,634,too_few_points
stucco/train/stucco_train.json,Pintura_0.13.jpg,635,too_few_points
stucco/train/stucco_train.json,Pintura_0.13.jpg,636,too_few_points
stucco/train/stucco_train.json,Pintura_0.13.jpg,637,too_few_points
stucco/train/stucco_train.json,Pintura_0.13.jpg,638,too_few_points
stucco/train/stucco_train.json,Pintura_0.13.jpg,639,too_few_points
stucco/train/stucco_train.json,Pintura_0.13.jpg,640,too_few_points
stucco/train/stucco_train.json,Pintura_0.13.jpg,641,too_few_points
stucco/train/stucco_train.json,Pintura_0.13.jpg,642,too_few_points
stucco/train/stucco_train.json,Pintura_0.13.jpg,643,too_few_points
stucco/train/stucco_train.json,Pintura_0.13.jpg,644,too_few_points
stucco/train/stucco_train.json,Pintura_0.13.jpg,645,too_few_points
stucco/train/stucco_train.json,Pintura_0.13.jpg,646,too_few_points
stucco/train/stucco_train.json,Pintura_0.13.jpg,647,too_few_points
stucco/train/stucco_train.json,Pintura_0.13.jpg,648,too_few_points
stucco/train/stucco_train.json,Pintura_0.13.jpg,649,too_few_points
stucco/train/stucco_train.json,Pintura_0.13.jpg,650,too_few_points
stucco/train/stucco_train.json,Pintura_0.13.jpg,651,too_few_points
stucco/train/stucco_train.json,Pintura_0.13.jpg,652,too_few_points
stucco/train/stucco_train.json,Pintura_0.13.jpg,653,too_few_points
stucco/train/stucco_train.json,Pintura_0.13.jpg,654,too_few_points
stucco/train/stucco_train.json,Pintura_0.13.jpg,655,too_few_points
stucco/train/stucco_train.json,Pintura_0.13.jpg,656,too_few_points
stucco/train/stucco_train.json,Pintura_0.13.jpg,657,too_few_points
stucco/train/stucco_train.json,Pintura_0.13.jpg,658,too_few_points
stucco/train/stucco_train.json,Pintura_0.13.jpg,659,too_few_points
stucco/train/stucco_train.json,Pintura_0.13.jpg,660,too_few_points
stucco/train/stucco_train.json,Pintura_0.13.jpg,661,too_few_points
stucco/train/stucco_train.json,Pintura_0.13.jpg,662,too_few_points
stucco/train/stucco_train.json,Pintura_0.13.jpg,663,too_few_points
stucco/train/stucco_train.json,Pintura_0.13.jpg,664,too_few_points
stucco/train/stucco_train.json,Pintura_0.13.jpg,665,too_few_points
stucco/train/stucco_train.json,Pintura_0.13.jpg,666,too_few_points
stucco/train/stucco_train.json,Pintura_0.13.jpg,667,too_few_points
stucco/train/stucco_train.json,Pintura_0.13.jpg,668,too_few_points
stucco/train/stucco_train.json,Pintura_0.13.jpg,669,too_few_points
stucco/train/stucco_train.json,Pintura_0.13.jpg,670,too_few_points
stucco/train/stucco_train.json,Pintura_0.13.jpg,671,too_few_points
stucco/train/stucco_train.json,Pintura_0.13.jpg,672,too_few_points
stucco/train/stucco_train.json,Pintura_0.13.jpg,673,too_few_points
stucco/train/stucco_train.json,Pintura_0.13.jpg,674,too_few_points
stucco/train/stucco_train.json,Pintura_0.13.jpg,675,too_few_points
stucco/train/stucco_train.json,Pintura_0.13.jpg,676,too_few_points
stucco/train/stucco_train.json,Pintura_0.13.jpg,677,too_few_points
stucco/train/stucco_train.json,Pintura_0.13.jpg,678,too_few_points
stucco/train/stucco_train.json,Pintura_0.13.jpg,679,too_few_points
stucco/train/stucco_train.json,Pintura_0.13.jpg,680,too_few_points
stucco/train/stucco_train.json,Pintura_0.13.jpg,681,too_few_points
stucco/train/stucco_train.json,Pintura_0.13.jpg,682,too_few_points
stucco/train/stucco_train.json,Pintura_0.13.jpg,683,too_few_points
stucco/train/stucco_train.json,Pintura_0.13.jpg,684,too_few_points
stucco/train/stucco_train.json,Pintura_0.13.jpg,685,too_few_points
stucco/train/stucco_train.json,Pintura_0.13.jpg,686,too_few_points
stucco/train/stucco_train.json,Pintura_0.13.jpg,687,too_few_points
stucco/train/stucco_train.json,Pintura_0.13.jpg,688,too_few_points
stucco/train/stucco_train.json,Pintura_0.13.jpg,689,too_few_points
stucco/train/stucco_train.json,Pintura_0.13.jpg,690,too_few_points
stucco/train/stucco_train.json,Pintura_0.13.jpg,691,too_few_points
stucco/train/stucco_train.json,Pintura_0.13.jpg,692,too_few_points
stucco/train/stucco_train.json,Pintura_0.13.jpg,693,too_few_points
stucco/train/stucco_train.json,Pintura_0.13.jpg,694,too_few_points
stucco/train/stucco_train.json,Pintura_0.13.jpg,695,too_few_points
stucco/train/stucco_train.json,Pintura_0.13.jpg,696,too_few_points
stucco/train/stucco_train.json,Pintura_0.13.jpg,697,too_few_points
stucco/train/stucco_train.json,Pintura_0.13.jpg,711,too_few_points
stucco/train/stucco_train.json,Pintura_0.13.jpg,712,too_few_points
stucco/train/stucco_train.json,Pintura_0.13.jpg,713,too_few_points
stucco/train/stucco_train.json,Pintura_0.13.jpg,714,too_few_points
stucco/train/stucco_train.json,Pintura_0.13.jpg,715,too_few_points
stucco/train/stucco_train.json,Pintura_0.13.jpg,716,too_few_points
stucco/train/stucco_train.json,Pintura_0.13.jpg,717,too_few_points
stucco/train/stucco_train.json,Pintura_0.13.jpg,718,too_few_points
stucco/train/stucco_train.json,Pintura_0.13.jpg,719,too_few_points
stucco/train/stucco_train.json,Pintura_0.13.jpg,720,too_few_points
stucco/train/stucco_train.json,Pintura_0.13.jpg,721,too_few_points
stucco/train/stucco_train.json,Pintura_0.13.jpg,722,too_few_points
stucco/train/stucco_train.json,Pintura_0.13.jpg,723,too_few_points
stucco/train/stucco_train.json,Pintura_0.13.jpg,724,too_few_points
stucco/train/stucco_train.json,Pintura_0.13.jpg,725,too_few_points
stucco/train/stucco_train.json,Pintura_0.13.jpg,726,too_few_points
stucco/train/stucco_train.json,Pintura_0.13.jpg,727,too_few_points
stucco/train/stucco_train.json,Pintura_0.13.jpg,728,too_few_points
stucco/train/stucco_train.json,Pintura_0.13.jpg,729,too_few_points
stucco/train/stucco_train.json,Pintura_0.13.jpg,730,too_few_points
stucco/train/stucco_train.json,Pintura_0.13.jpg,731,too_few_points
stucco/train/stucco_train.json,Pintura_0.13.jpg,732,too_few_points
stucco/train/stucco_train.json,Pintura_0.13.jpg,733,too_few_points
stucco/train/stucco_train.json,Pintura_0.13.jpg,734,too_few_points
stucco/train/stucco_train.json,Pintura_0.13.jpg,735,too_few_points
stucco/train/stucco_train.json,Pintura_0.13.jpg,736,too_few_points
stucco/train/stucco_train.json,Pintura_0.13.jpg,737,too_few_points
stucco/train/stucco_train.json,Pintura_0.13.jpg,738,too_few_points
stucco/train/stucco_train.json,Pintura_0.13.jpg,739,too_few_points
stucco/train/stucco_train.json,Pintura_0.13.jpg,740,too_few_points
stucco/train/stucco_train.json,Pintura_0.13.jpg,741,too_few_points
stucco/train/stucco_train.json,Pintura_0.13.jpg,742,too_few_points
stucco/train/stucco_train.json,Pintura_0.13.jpg,743,too_few_points
stucco/train/stucco_train.json,Pintura_0.13.jpg,744,too_few_points
stucco/train/stucco_train.json,Pintura_0.13.jpg,745,too_few_points
stucco/train/stucco_train.json,Pintura_0.13.jpg,746,too_few_points
stucco/train/stucco_train.json,Pintura_0.13.jpg,747,too_few_points
stucco/train/stucco_train.json,Pintura_0.13.jpg,748,too_few_points
stucco/train/stucco_train.json,Pintura_0.13.jpg,749,too_few_points
stucco/train/stucco_train.json,Pintura_0.13.jpg,750,too_few_points
stucco/train/stucco_train.json,Pintura_0.13.jpg,751,too_few_points
stucco/train/stucco_train.json,Pintura_0.13.jpg,752,too_few_points
stucco/train/stucco_train.json,Pintura_0.13.jpg,753,too_few_points
stucco/train/stucco_train.json,Pintura_0.13.jpg,754,too_few_points
stucco/train/stucco_train.json,Pintura_0.13.jpg,755,too_few_points
stucco/train/stucco_train.json,Pintura_0.13.jpg,756,too_few_points
stucco/train/stucco_train.json,Pintura_0.13.jpg,757,too_few_points
stucco/train/stucco_train.json,Pintura_0.13.jpg,758,too_few_points
stucco/train/stucco_train.json,Pintura_0.13.jpg,759,too_few_points
stucco/train/stucco_train.json,Pintura_0.13.jpg,760,too_few_points
stucco/train/stucco_train.json,Pintura_0.13.jpg,761,too_few_points
stucco/train/stucco_train.json,Pintura_0.13.jpg,762,too_few_points
stucco/train/stucco_train.json,Pintura_0.13.jpg,763,too_few_points
stucco/train/stucco_train.json,Pintura_0.13.jpg,764,too_few_points
stucco/train/stucco_train.json,Pintura_0.13.jpg,765,too_few_points
stucco/train/stucco_train.json,Pintura_0.13.jpg,766,too_few_points
stucco/train/stucco_train.json,Pintura_0.13.jpg,767,too_few_points
stucco/train/stucco_train.json,Pintura_0.13.jpg,768,too_few_points
stucco/train/stucco_train.json,Pintura_0.13.jpg,769,too_few_points
stucco/train/stucco_train.json,Pintura_0.13.jpg,770,too_few_points
stucco/train/stucco_train.json,Pintura_0.13.jpg,771,too_few_points
stucco/train/stucco_train.json,Pintura_0.13.jpg,772,too_few_points
stucco/train/stucco_train.json,Pintura_0.13.jpg,773,too_few_points
stucco/train/stucco_train.json,Pintura_0.13.jpg,774,too_few_points
stucco/train/stucco_train.json,Pintura_0.13.jpg,775,too_few_points
stucco/train/stucco_train.json,Pintura_0.13.jpg,776,too_few_points
stucco/train/stucco_train.json,Pintura_0.13.jpg,777,too_few_points
stucco/train/stucco_train.json,Pintura_0.13.jpg,778,too_few_points
stucco/train/stucco_train.json,Pintura_0.13.jpg,779,too_few_points
stucco/train/stucco_train.json,Pintura_0.13.jpg,780,too_few_points
stucco/train/stucco_train.json,Pintura_0.13.jpg,781,too_few_points
stucco/train/stucco_train.json,Pintura_0.13.jpg,782,too_few_points
stucco/train/stucco_train.json,Pintura_0.13.jpg,789,too_few_points
stucco/train/stucco_train.json,Pintura_0.13.jpg,790,too_few_points
stucco/train/stucco_train.json,Pintura_0.13.jpg,791,too_few_points
stucco/train/stucco_train.json,Pintura_0.13.jpg,792,too_few_points
stucco/train/stucco_train.json,Pintura_0.13.jpg,793,too_few_points
stucco/train/stucco_train.json,Pintura_0.13.jpg,794,too_few_points
stucco/train/stucco_train.json,Pintura_0.13.jpg,795,too_few_points
stucco/train/stucco_train.json,Pintura_0.13.jpg,796,too_few_points
stucco/train/stucco_train.json,Pintura_0.13.jpg,797,too_few_points
stucco/train/stucco_train.json,Pintura_0.13.jpg,798,too_few_points
stucco/train/stucco_train.json,Pintura_0.13.jpg,799,too_few_points
stucco/train/stucco_train.json,Pintura_0.13.jpg,800,too_few_points
stucco/train/stucco_train.json,Pintura_0.13.jpg,810,too_few_points
stucco/train/stucco_train.json,Pintura_0.13.jpg,811,too_few_points
stucco/train/stucco_train.json,Pintura_0.13.jpg,812,too_few_points
stucco/train/stucco_train.json,Pintura_0.13.jpg,813,too_few_points
stucco/train/stucco_train.json,Pintura_0.13.jpg,814,too_few_points
stucco/train/stucco_train.json,Pintura_0.13.jpg,815,too_few_points
stucco/train/stucco_train.json,Pintura_0.13.jpg,816,too_few_points
stucco/train/stucco_train.json,Pintura_0.13.jpg,817,too_few_points
stucco/train/stucco_train.json,Pintura_0.13.jpg,818,too_few_points
stucco/train/stucco_train.json,Pintura_0.13.jpg,819,too_few_points
stucco/train/stucco_train.json,Pintura_0.13.jpg,820,too_few_points
stucco/train/stucco_train.json,Pintura_0.13.jpg,821,too_few_points
stucco/train/stucco_train.json,Pintura_0.13.jpg,822,too_few_points
stucco/train/stucco_train.json,Pintura_0.13.jpg,823,too_few_points
stucco/train/stucco_train.json,Pintura_0.13.jpg,824,too_few_points
stucco/train/stucco_train.json,Pintura_0.13.jpg,825,too_few_points
stucco/train/stucco_train.json,Pintura_0.13.jpg,826,too_few_points
stucco/train/stucco_train.json,Pintura_0.13.jpg,827,too_few_points
stucco/train/stucco_train.json,Pintura_0.13.jpg,828,too_few_points
stucco/train/stucco_train.json,Pintura_0.13.jpg,829,too_few_points
stucco/train/stucco_train.json,Pintura_0.13.jpg,837,too_few_points
stucco/train/stucco_train.json,Pintura_0.13.jpg,838,too_few_points
stucco/train/stucco_train.json,Pintura_0.13.jpg,839,too_few_points
stucco/train/stucco_train.json,Pintura_0.13.jpg,840,too_few_points
stucco/train/stucco_train.json,Pintura_0.13.jpg,841,too_few_points
stucco/train/stucco_train.json,Pintura_0.13.jpg,842,too_few_points
stucco/train/stucco_train.json,Pintura_0.13.jpg,843,too_few_points
stucco/train/stucco_train.json,Pintura_0.13.jpg,844,too_few_points
stucco/train/stucco_train.json,Pintura_0.13.jpg,845,too_few_points
stucco/train/stucco_train.json,Pintura_0.13.jpg,846,too_few_points
stucco/train/stucco_train.json,Pintura_0.13.jpg,847,too_few_points
stucco/train/stucco_train.json,Pintura_0.13.jpg,848,too_few_points
stucco/train/stucco_train.json,Pintura_0.14.jpg,0,too_few_points
stucco/train/stucco_train.json,Pintura_0.14.jpg,16,too_few_points
stucco/train/stucco_train.json,Pintura_0.14.jpg,31,too_few_points
